Navn,Bordnummer,Bordnavn,Aktiv
Damian,1,Sommereng,TRUE
Silje,1,Sommereng,TRUE
Nora,1,Sommereng,TRUE
Signar,1,Sommereng,TRUE
Niklas,1,Sommereng,TRUE
Benjamin,1,Sommereng,TRUE
Hedda,1,Sommereng,TRUE
Jonathan,1,Sommereng,TRUE
Henriette,1,Sommereng,TRUE
Sara,1,Sommereng,TRUE
Adrian,1,Sommereng,TRUE
Lise,1,Sommereng,TRUE
Julie,1,Sommereng,TRUE
Jarl,1,Sommereng,TRUE
Håkon,1,Sommereng,TRUE
Agnes,1,Sommereng,TRUE
Martine,1,Sommereng,TRUE
Christopher,1,Sommereng,TRUE
Hanne,1,Sommereng,TRUE
Christopher,1,Sommereng,TRUE
Runi,2,Himmelblå,TRUE
Bjørn Olav,2,Himmelblå,TRUE
Rune,2,Himmelblå,TRUE
Bodil,2,Himmelblå,TRUE
Inger Johanne,2,Himmelblå,TRUE
Helene,2,Himmelblå,TRUE
Stig,2,Himmelblå,TRUE
Mats,2,Himmelblå,TRUE
Mari,2,Himmelblå,TRUE
Live,2,Himmelblå,TRUE
Martin,2,Himmelblå,TRUE
Anne Beate,2,Himmelblå,TRUE
Egil,2,Himmelblå,TRUE
Andreas,2,Himmelblå,TRUE
Ingunn,2,Himmelblå,TRUE
Ejrik,2,Himmelblå,TRUE
Kristin,2,Himmelblå,TRUE
Line,2,Himmelblå,TRUE
Petter Martin,2,Himmelblå,TRUE
Helge,2,Himmelblå,TRUE
Anne-Kine,2,Himmelblå,TRUE
Joachim,2,Himmelblå,TRUE
Leonard,3,Havblikk,TRUE
Elisabeth,3,Havblikk,TRUE
Milla,3,Havblikk,TRUE
Alex,3,Havblikk,TRUE
Teodor,3,Havblikk,TRUE
Markus,3,Havblikk,TRUE
Marthe,3,Havblikk,TRUE
Ari,3,Havblikk,TRUE
Peter,3,Havblikk,TRUE
Andreas,3,Havblikk,TRUE
Thomas,0,Hovedbord,TRUE
Olga,0,Brudeslør,TRUE
Julie,0,Brudeslør,TRUE
Endre,0,Brudeslør,TRUE
Jørgen,0,Brudeslør,TRUE
Tor Magne,0,Brudeslør,TRUE
Trine Lise,0,Brudeslør,TRUE
Merete,0,Brudeslør,TRUE
,,,FALSE
,,,FALSE
,,,FALSE
,,,FALSE
,,,FALSE
,,,FALSE
,,,FALSE
,,,FALSE
,,,FALSE
,,,FALSE
,,,FALSE
,,,FALSE
,,,FALSE
,,,FALSE
,,,FALSE
,,,FALSE
,,,FALSE
,,,FALSE
,,,FALSE
,,,FALSE
,,,FALSE
,,,FALSE
,,,FALSE
,,,FALSE
,,,FALSE
,,,FALSE
,,,FALSE
,,,FALSE
,,,FALSE
,,,FALSE
,,,FALSE
,,,FALSE
,,,FALSE
,,,FALSE
,,,FALSE
,,,FALSE
,,,FALSE
,,,FALSE
,,,FALSE
,,,FALSE
,,,FALSE
,,,FALSE
,,,FALSE
,,,FALSE
,,,FALSE
,,,FALSE
,,,FALSE
,,,FALSE
,,,FALSE
,,,FALSE
,,,FALSE
,,,FALSE
,,,FALSE
,,,FALSE
,,,FALSE
,,,FALSE
,,,FALSE
,,,FALSE
,,,FALSE
,,,FALSE
,,,FALSE
,,,FALSE
,,,FALSE
,,,FALSE
,,,FALSE
,,,FALSE
,,,FALSE
,,,FALSE
,,,FALSE
,,,FALSE
,,,FALSE
,,,FALSE
,,,FALSE
,,,FALSE
,,,FALSE
,,,FALSE
,,,FALSE
,,,FALSE
,,,FALSE
,,,FALSE
,,,FALSE
,,,FALSE
,,,FALSE
,,,FALSE
,,,FALSE
,,,FALSE
,,,FALSE
,,,FALSE
,,,FALSE
,,,FALSE
,,,FALSE
,,,FALSE
,,,FALSE
,,,FALSE
,,,FALSE
,,,FALSE
,,,FALSE
,,,FALSE
,,,FALSE
,,,FALSE
,,,FALSE
,,,FALSE
,,,FALSE
,,,FALSE
,,,FALSE
,,,FALSE
,,,FALSE
,,,FALSE
,,,FALSE
,,,FALSE
,,,FALSE
,,,FALSE
,,,FALSE
,,,FALSE
,,,FALSE
,,,FALSE
,,,FALSE
,,,FALSE
,,,FALSE
,,,FALSE
,,,FALSE
,,,FALSE
,,,FALSE
,,,FALSE
,,,FALSE
,,,FALSE
,,,FALSE
,,,FALSE
,,,FALSE
,,,FALSE
,,,FALSE
,,,FALSE
,,,FALSE
,,,FALSE
,,,FALSE
,,,FALSE
,,,FALSE
,,,FALSE
,,,FALSE
,,,FALSE
,,,FALSE
,,,FALSE
,,,FALSE
,,,FALSE
,,,FALSE
,,,FALSE
,,,FALSE
,,,FALSE
,,,FALSE
,,,FALSE
,,,FALSE
,,,FALSE
,,,FALSE
,,,FALSE
,,,FALSE
,,,FALSE
,,,FALSE
,,,FALSE
,,,FALSE
,,,FALSE
,,,FALSE
,,,FALSE
,,,FALSE
,,,FALSE
,,,FALSE
,,,FALSE
,,,FALSE
,,,FALSE
,,,FALSE
,,,FALSE
,,,FALSE
,,,FALSE
,,,FALSE
,,,FALSE
,,,FALSE
,,,FALSE
,,,FALSE
,,,FALSE
,,,FALSE
,,,FALSE
,,,FALSE
,,,FALSE
,,,FALSE
,,,FALSE
,,,FALSE
,,,FALSE
,,,FALSE
,,,FALSE
,,,FALSE
,,,FALSE
,,,FALSE
,,,FALSE
,,,FALSE
,,,FALSE
,,,FALSE
,,,FALSE
,,,FALSE
,,,FALSE
,,,FALSE
,,,FALSE
,,,FALSE
,,,FALSE
,,,FALSE
,,,FALSE
,,,FALSE
,,,FALSE
,,,FALSE
,,,FALSE
,,,FALSE
,,,FALSE
,,,FALSE
,,,FALSE
,,,FALSE
,,,FALSE
,,,FALSE
,,,FALSE
,,,FALSE
,,,FALSE
,,,FALSE
,,,FALSE
,,,FALSE
,,,FALSE
,,,FALSE
,,,FALSE
,,,FALSE
,,,FALSE
,,,FALSE
,,,FALSE
,,,FALSE
,,,FALSE
,,,FALSE
,,,FALSE
,,,FALSE
,,,FALSE
,,,FALSE
,,,FALSE
,,,FALSE
,,,FALSE
,,,FALSE
,,,FALSE
,,,FALSE
,,,FALSE
,,,FALSE
,,,FALSE
,,,FALSE
,,,FALSE
,,,FALSE
,,,FALSE
,,,FALSE
,,,FALSE
,,,FALSE
,,,FALSE
,,,FALSE
,,,FALSE
,,,FALSE
,,,FALSE
,,,FALSE
,,,FALSE
,,,FALSE
,,,FALSE
,,,FALSE
,,,FALSE
,,,FALSE
,,,FALSE
,,,FALSE
,,,FALSE
,,,FALSE
,,,FALSE
,,,FALSE
,,,FALSE
,,,FALSE
,,,FALSE
,,,FALSE
,,,FALSE
,,,FALSE
,,,FALSE
,,,FALSE
,,,FALSE
,,,FALSE
,,,FALSE
,,,FALSE
,,,FALSE
,,,FALSE
,,,FALSE
,,,FALSE
,,,FALSE
,,,FALSE
,,,FALSE
,,,FALSE
,,,FALSE
,,,FALSE
,,,FALSE
,,,FALSE
,,,FALSE
,,,FALSE
,,,FALSE
,,,FALSE
,,,FALSE
,,,FALSE
,,,FALSE
,,,FALSE
,,,FALSE
,,,FALSE
,,,FALSE
,,,FALSE
,,,FALSE
,,,FALSE
,,,FALSE
,,,FALSE
,,,FALSE
,,,FALSE
,,,FALSE
,,,FALSE
,,,FALSE
,,,FALSE
,,,FALSE
,,,FALSE
,,,FALSE
,,,FALSE
,,,FALSE
,,,FALSE
,,,FALSE
,,,FALSE
,,,FALSE
,,,FALSE
,,,FALSE
,,,FALSE
,,,FALSE
,,,FALSE
,,,FALSE
,,,FALSE
,,,FALSE
,,,FALSE
,,,FALSE
,,,FALSE
,,,FALSE
,,,FALSE
,,,FALSE
,,,FALSE
,,,FALSE
,,,FALSE
,,,FALSE
,,,FALSE
,,,FALSE
,,,FALSE
,,,FALSE
,,,FALSE
,,,FALSE
,,,FALSE
,,,FALSE
,,,FALSE
,,,FALSE
,,,FALSE
,,,FALSE
,,,FALSE
,,,FALSE
,,,FALSE
,,,FALSE
,,,FALSE
,,,FALSE
,,,FALSE
,,,FALSE
,,,FALSE
,,,FALSE
,,,FALSE
,,,FALSE
,,,FALSE
,,,FALSE
,,,FALSE
,,,FALSE
,,,FALSE
,,,FALSE
,,,FALSE
,,,FALSE
,,,FALSE
,,,FALSE
,,,FALSE
,,,FALSE
,,,FALSE
,,,FALSE
,,,FALSE
,,,FALSE
,,,FALSE
,,,FALSE
,,,FALSE
,,,FALSE
,,,FALSE
,,,FALSE
,,,FALSE
,,,FALSE
,,,FALSE
,,,FALSE
,,,FALSE
,,,FALSE
,,,FALSE
,,,FALSE
,,,FALSE
,,,FALSE
,,,FALSE
,,,FALSE
,,,FALSE
,,,FALSE
,,,FALSE
,,,FALSE
,,,FALSE
,,,FALSE
,,,FALSE
,,,FALSE
,,,FALSE
,,,FALSE
,,,FALSE
,,,FALSE
,,,FALSE
,,,FALSE
,,,FALSE
,,,FALSE
,,,FALSE
,,,FALSE
,,,FALSE
,,,FALSE
,,,FALSE
,,,FALSE
,,,FALSE
,,,FALSE
,,,FALSE
,,,FALSE
,,,FALSE
,,,FALSE
,,,FALSE
,,,FALSE
,,,FALSE
,,,FALSE
,,,FALSE
,,,FALSE
,,,FALSE
,,,FALSE
,,,FALSE
,,,FALSE
,,,FALSE
,,,FALSE
,,,FALSE
,,,FALSE
,,,FALSE
,,,FALSE
,,,FALSE
,,,FALSE
,,,FALSE
,,,FALSE
,,,FALSE
,,,FALSE
,,,FALSE
,,,FALSE
,,,FALSE
,,,FALSE
,,,FALSE
,,,FALSE
,,,FALSE
,,,FALSE
,,,FALSE
,,,FALSE
,,,FALSE
,,,FALSE
,,,FALSE
,,,FALSE
,,,FALSE
,,,FALSE
,,,FALSE
,,,FALSE
,,,FALSE
,,,FALSE
,,,FALSE
,,,FALSE
,,,FALSE
,,,FALSE
,,,FALSE
,,,FALSE
,,,FALSE
,,,FALSE
,,,FALSE
,,,FALSE
,,,FALSE
,,,FALSE
,,,FALSE
,,,FALSE
,,,FALSE
,,,FALSE
,,,FALSE
,,,FALSE
,,,FALSE
,,,FALSE
,,,FALSE
,,,FALSE
,,,FALSE
,,,FALSE
,,,FALSE
,,,FALSE
,,,FALSE
,,,FALSE
,,,FALSE
,,,FALSE
,,,FALSE
,,,FALSE
,,,FALSE
,,,FALSE
,,,FALSE
,,,FALSE
,,,FALSE
,,,FALSE
,,,FALSE
,,,FALSE
,,,FALSE
,,,FALSE
,,,FALSE
,,,FALSE
,,,FALSE
,,,FALSE
,,,FALSE
,,,FALSE
,,,FALSE
,,,FALSE
,,,FALSE
,,,FALSE
,,,FALSE
,,,FALSE
,,,FALSE
,,,FALSE
,,,FALSE
,,,FALSE
,,,FALSE
,,,FALSE
,,,FALSE
,,,FALSE
,,,FALSE
,,,FALSE
,,,FALSE
,,,FALSE
,,,FALSE
,,,FALSE
,,,FALSE
,,,FALSE
,,,FALSE
,,,FALSE
,,,FALSE
,,,FALSE
,,,FALSE
,,,FALSE
,,,FALSE
,,,FALSE
,,,FALSE
,,,FALSE
,,,FALSE
,,,FALSE
,,,FALSE
,,,FALSE
,,,FALSE
,,,FALSE
,,,FALSE
,,,FALSE
,,,FALSE
,,,FALSE
,,,FALSE
,,,FALSE
,,,FALSE
,,,FALSE
,,,FALSE
,,,FALSE
,,,FALSE
,,,FALSE
,,,FALSE
,,,FALSE
,,,FALSE
,,,FALSE
,,,FALSE
,,,FALSE
,,,FALSE
,,,FALSE
,,,FALSE
,,,FALSE
,,,FALSE
,,,FALSE
,,,FALSE
,,,FALSE
,,,FALSE
,,,FALSE
,,,FALSE
,,,FALSE
,,,FALSE
,,,FALSE
,,,FALSE
,,,FALSE
,,,FALSE
,,,FALSE
,,,FALSE
,,,FALSE
,,,FALSE
,,,FALSE
,,,FALSE
,,,FALSE
,,,FALSE
,,,FALSE
,,,FALSE
,,,FALSE
,,,FALSE
,,,FALSE
,,,FALSE
,,,FALSE
,,,FALSE
,,,FALSE
,,,FALSE
,,,FALSE
,,,FALSE
,,,FALSE
,,,FALSE
,,,FALSE
,,,FALSE
,,,FALSE
,,,FALSE
,,,FALSE
,,,FALSE
,,,FALSE
,,,FALSE
,,,FALSE
,,,FALSE
,,,FALSE
,,,FALSE
,,,FALSE
,,,FALSE
,,,FALSE
,,,FALSE
,,,FALSE
,,,FALSE
,,,FALSE
,,,FALSE
,,,FALSE
,,,FALSE
,,,FALSE
,,,FALSE
,,,FALSE
,,,FALSE
,,,FALSE
,,,FALSE
,,,FALSE
,,,FALSE
,,,FALSE
,,,FALSE
,,,FALSE
,,,FALSE
,,,FALSE
,,,FALSE
,,,FALSE
,,,FALSE
,,,FALSE
,,,FALSE
,,,FALSE
,,,FALSE
,,,FALSE
,,,FALSE
,,,FALSE
,,,FALSE
,,,FALSE
,,,FALSE
,,,FALSE
,,,FALSE
,,,FALSE
,,,FALSE
,,,FALSE
,,,FALSE
,,,FALSE
,,,FALSE
,,,FALSE
,,,FALSE
,,,FALSE
,,,FALSE
,,,FALSE
,,,FALSE
,,,FALSE
,,,FALSE
,,,FALSE
,,,FALSE
,,,FALSE
,,,FALSE
,,,FALSE
,,,FALSE
,,,FALSE
,,,FALSE
,,,FALSE
,,,FALSE
,,,FALSE
,,,FALSE
,,,FALSE
,,,FALSE
,,,FALSE
,,,FALSE
,,,FALSE
,,,FALSE
,,,FALSE
,,,FALSE
,,,FALSE
,,,FALSE
,,,FALSE
,,,FALSE
,,,FALSE
,,,FALSE
,,,FALSE
,,,FALSE
,,,FALSE
,,,FALSE
,,,FALSE
,,,FALSE
,,,FALSE
,,,FALSE
,,,FALSE
,,,FALSE
,,,FALSE
,,,FALSE
,,,FALSE
,,,FALSE
,,,FALSE
,,,FALSE
,,,FALSE
,,,FALSE
,,,FALSE
,,,FALSE
,,,FALSE
,,,FALSE
,,,FALSE
,,,FALSE
,,,FALSE
,,,FALSE
,,,FALSE
,,,FALSE
,,,FALSE
,,,FALSE
,,,FALSE
,,,FALSE
,,,FALSE
,,,FALSE
,,,FALSE
,,,FALSE
,,,FALSE
,,,FALSE
,,,FALSE
,,,FALSE
,,,FALSE
,,,FALSE
,,,FALSE
,,,FALSE
,,,FALSE
,,,FALSE
,,,FALSE
,,,FALSE
,,,FALSE
,,,FALSE
,,,FALSE
,,,FALSE
,,,FALSE
,,,FALSE
,,,FALSE
,,,FALSE
,,,FALSE
,,,FALSE
,,,FALSE
,,,FALSE
,,,FALSE
,,,FALSE
,,,FALSE
,,,FALSE
,,,FALSE
,,,FALSE
,,,FALSE
,,,FALSE
,,,FALSE
,,,FALSE
,,,FALSE
,,,FALSE
,,,FALSE
,,,FALSE
,,,FALSE
,,,FALSE
,,,FALSE
,,,FALSE
,,,FALSE
,,,FALSE
,,,FALSE
,,,FALSE
,,,FALSE
,,,FALSE
,,,FALSE
,,,FALSE
,,,FALSE
,,,FALSE
,,,FALSE
,,,FALSE
,,,FALSE
,,,FALSE
,,,FALSE
,,,FALSE
,,,FALSE
,,,FALSE
,,,FALSE
,,,FALSE
,,,FALSE
,,,FALSE
,,,FALSE
,,,FALSE
,,,FALSE
,,,FALSE
,,,FALSE
,,,FALSE
,,,FALSE
,,,FALSE
,,,FALSE
,,,FALSE
,,,FALSE
,,,FALSE
,,,FALSE
,,,FALSE
,,,FALSE
,,,FALSE
,,,FALSE
,,,FALSE
,,,FALSE
,,,FALSE
,,,FALSE
,,,FALSE
,,,FALSE
,,,FALSE
,,,FALSE
,,,FALSE
,,,FALSE
,,,FALSE
,,,FALSE
,,,FALSE
,,,FALSE
,,,FALSE
,,,FALSE
,,,FALSE
,,,FALSE
,,,FALSE
,,,FALSE
,,,FALSE
,,,FALSE
,,,FALSE
,,,FALSE
,,,FALSE
,,,FALSE
,,,FALSE
,,,FALSE
,,,FALSE
,,,FALSE
,,,FALSE
,,,FALSE
,,,FALSE
,,,FALSE
,,,FALSE
,,,FALSE
,,,FALSE
,,,FALSE
,,,FALSE
,,,FALSE
,,,FALSE
,,,FALSE
,,,FALSE
,,,FALSE
,,,FALSE
,,,FALSE
,,,FALSE
,,,FALSE
,,,FALSE
,,,FALSE
,,,FALSE
,,,FALSE
,,,FALSE
,,,FALSE
,,,FALSE
,,,FALSE
,,,FALSE
,,,FALSE
,,,FALSE
,,,FALSE
,,,FALSE
,,,FALSE
,,,FALSE
,,,FALSE
,,,FALSE
,,,FALSE
,,,FALSE
,,,FALSE
,,,FALSE
,,,FALSE
,,,FALSE
,,,FALSE
,,,FALSE
,,,FALSE
,,,FALSE
,,,FALSE
,,,FALSE
,,,FALSE
,,,FALSE
,,,FALSE
,,,FALSE
,,,FALSE
,,,FALSE
,,,FALSE
,,,FALSE
,,,FALSE
,,,FALSE
,,,FALSE
,,,FALSE
,,,FALSE
,,,FALSE
,,,FALSE
,,,FALSE
,,,FALSE
,,,FALSE
,,,FALSE
,,,FALSE
,,,FALSE
,,,FALSE
,,,FALSE
,,,FALSE
,,,FALSE
,,,FALSE
,,,FALSE
,,,FALSE
,,,FALSE
,,,FALSE
,,,FALSE
,,,FALSE
,,,FALSE
,,,FALSE
,,,FALSE
,,,FALSE
,,,FALSE
,,,FALSE
,,,FALSE
,,,FALSE
,,,FALSE
,,,FALSE